{"workerType": "rvt-translate", "databagId": "d25909f89da8b6ae02656f4fc602637c", "modelId": 1677645394412992, "jsSDKVersion": "Bimface@3.4.66", "modelType": "singleModel", "subRenders": [{"isSupportModelTree": false, "isSupportFamilyTypeList": false, "renderVersion": "1.0", "jsSDKVersion": "Drawing@1.4.64", "isSupportComponentProperty": false, "isSupportMiniMap": false, "renderType": "drawingView"}], "isSupportModelTree": true, "isSupportWalk": true, "isSupportFamilyTypeList": false, "renderVersion": "3.0", "isSupportRoomArea": true, "isSupportMaterialProperty": true, "isSupportDrawing": true, "name": "BIM\u6a21\u578b.rvt", "databagVersion": "3.7", "isSupportComponentProperty": true, "isSupportMiniMap": true, "renderType": "bimView", "config": {"exportDrawing": "true", "exportDwg": "true"}}