{"elementId":"1006382","assetType":"Appearance","libraryName":"assetlibrary_base.fbx","title":"","properties":[{"name":"AdvancedUIDefinition","type":"APT_String","value":"Mats/Stone/StoneAdvancedUI.xml","numberOfConnectedProperties":0},{"name":"AssetLibID","type":"APT_String","value":"AD121259-C03E-4A1D-92D8-59A22B4807AD","numberOfConnectedProperties":0},{"name":"BaseSchema","type":"APT_String","value":"StoneSchema","numberOfConnectedProperties":0},{"name":"Hidden","type":"APT_Boolean","value":"False","numberOfConnectedProperties":0},{"name":"ImplementationGeneric","type":"APT_String","value":"Mats/Stone/Generic.xml","numberOfConnectedProperties":0},{"name":"ImplementationMentalRay","type":"APT_String","value":"Mats/Stone/MentalImage.xml","numberOfConnectedProperties":0},{"name":"ImplementationOGS","type":"APT_String","value":"Mats/Stone/OGS.xml","numberOfConnectedProperties":0},{"name":"ImplementationPreview","type":"APT_String","value":"Mats/Stone/PreviewColor.xml","numberOfConnectedProperties":0},{"name":"SchemaVersion","type":"APT_Integer","value":"3","numberOfConnectedProperties":0},{"name":"UIDefinition","type":"APT_String","value":"Mats/Stone/StoneUI.xml","numberOfConnectedProperties":0},{"name":"UIName","type":"APT_String","value":"未装饰","numberOfConnectedProperties":0},{"name":"VersionGUID","type":"APT_String","value":"Stone-027","numberOfConnectedProperties":0},{"name":"assettype","type":"APT_String","value":"materialappearance","numberOfConnectedProperties":0},{"name":"category","type":"APT_String","value":"Stone:Default","numberOfConnectedProperties":0},{"name":"common_Shared_Asset","type":"APT_Integer","value":"0","numberOfConnectedProperties":0},{"name":"common_Tint_color","type":"APT_DoubleArray4d","value":"0.315 0.315 0.315 1","numberOfConnectedProperties":0},{"name":"common_Tint_toggle","type":"APT_Boolean","value":"False","numberOfConnectedProperties":0},{"name":"description","type":"APT_String","value":"Stone material.","numberOfConnectedProperties":0},{"name":"granite_tex","type":"APT_String","value":"Mats/Stone/external.dependency/Simple_Stone_Mtl_Granite_bump.jpg","numberOfConnectedProperties":0},{"name":"keyword","type":"APT_String","value":"stone:unfinished:materials:masonry","numberOfConnectedProperties":0},{"name":"localname","type":"APT_String","value":"Stone","numberOfConnectedProperties":0},{"name":"localtype","type":"APT_String","value":"Appearance","numberOfConnectedProperties":0},{"name":"marble_tex","type":"APT_String","value":"Mats/Stone/external.dependency/Simple_Stone_Mtl_Marble_bump.jpg","numberOfConnectedProperties":0},{"name":"mode","type":"APT_Integer","value":"4","numberOfConnectedProperties":0},{"name":"reflection_glossy_samples","type":"APT_Integer","value":"32","numberOfConnectedProperties":0},{"name":"revision","type":"APT_Integer","value":"1","numberOfConnectedProperties":0},{"name":"stone_ao_details","type":"APT_Boolean","value":"False","numberOfConnectedProperties":0},{"name":"stone_ao_distance","type":"APT_Double","value":"4","numberOfConnectedProperties":0},{"name":"stone_ao_on","type":"APT_Boolean","value":"False","numberOfConnectedProperties":0},{"name":"stone_ao_samples","type":"APT_Integer","value":"16","numberOfConnectedProperties":0},{"name":"stone_application","type":"APT_Integer","value":"3","numberOfConnectedProperties":0},{"name":"stone_bump","type":"APT_Integer","value":"0","numberOfConnectedProperties":0},{"name":"stone_bump_amount","type":"APT_Double","value":"0.05","numberOfConnectedProperties":0},{"name":"stone_bump_map","type":"APT_Reference","value":null,"numberOfConnectedProperties":1},{"name":"UnifiedBitmapSchema","type":"APT_Asset","value":null,"numberOfConnectedProperties":0},{"name":"stone_color","type":"APT_Reference","value":null,"numberOfConnectedProperties":1},{"name":"UnifiedBitmapSchema","type":"APT_Asset","value":null,"numberOfConnectedProperties":0},{"name":"stone_pattern","type":"APT_Integer","value":"1","numberOfConnectedProperties":0},{"name":"stone_pattern_amount","type":"APT_Double","value":"1","numberOfConnectedProperties":0},{"name":"stone_pattern_map","type":"APT_Reference","value":null,"numberOfConnectedProperties":1},{"name":"UnifiedBitmapSchema","type":"APT_Asset","value":null,"numberOfConnectedProperties":0},{"name":"stone_refl_depth","type":"APT_Integer","value":"0","numberOfConnectedProperties":0},{"name":"stone_roundcorners_allow_different_materials","type":"APT_Boolean","value":"False","numberOfConnectedProperties":0},{"name":"stone_roundcorners_on","type":"APT_Boolean","value":"False","numberOfConnectedProperties":0},{"name":"stone_roundcorners_radius","type":"APT_Double","value":"0.25","numberOfConnectedProperties":0},{"name":"stonewall_tex","type":"APT_String","value":"Mats/Stone/external.dependency/Simple_Stone_Mtl_StoneWall_bump.jpg","numberOfConnectedProperties":0},{"name":"swatch","type":"APT_String","value":"Swatch-Cube","numberOfConnectedProperties":0},{"name":"thumbnail","type":"APT_String","value":"C:/Users/ADMINI~1/AppData/Local/Temp/MaterialThumbnails_PID_1e98/62fd2c10未装饰.png","numberOfConnectedProperties":0},{"name":"tiling","type":"APT_Double","value":"1","numberOfConnectedProperties":0},{"name":"uv_channel","type":"APT_Integer","value":"1","numberOfConnectedProperties":0},{"name":"version","type":"APT_Integer","value":"3","numberOfConnectedProperties":0},{"name":"PatternOffset","type":"APT_DoubleArray2d","value":"0 0","numberOfConnectedProperties":0}]}
