{"elementId":"1006159","assetType":"Appearance","libraryName":"assetlibrary_base.fbx","title":"","properties":[{"name":"AdvancedUIDefinition","type":"APT_String","value":"Mats/Ceramic/CeramicAdvancedUI.xml","numberOfConnectedProperties":0},{"name":"AssetLibID","type":"APT_String","value":"3072685D-780F-4D46-8645-4759DBEBA7E9","numberOfConnectedProperties":0},{"name":"BaseSchema","type":"APT_String","value":"CeramicSchema","numberOfConnectedProperties":0},{"name":"Hidden","type":"APT_Boolean","value":"False","numberOfConnectedProperties":0},{"name":"ImplementationGeneric","type":"APT_String","value":"Mats/Ceramic/Generic.xml","numberOfConnectedProperties":0},{"name":"ImplementationMentalRay","type":"APT_String","value":"Mats/Ceramic/MentalImage.xml","numberOfConnectedProperties":0},{"name":"ImplementationOGS","type":"APT_String","value":"Mats/Ceramic/OGS.xml","numberOfConnectedProperties":0},{"name":"ImplementationPreview","type":"APT_String","value":"Mats/Ceramic/PreviewColor.xml","numberOfConnectedProperties":0},{"name":"SchemaVersion","type":"APT_Integer","value":"3","numberOfConnectedProperties":0},{"name":"UIDefinition","type":"APT_String","value":"Mats/Ceramic/CeramicUI.xml","numberOfConnectedProperties":0},{"name":"UIName","type":"APT_String","value":"淡黄棕灰褐色","numberOfConnectedProperties":0},{"name":"VersionGUID","type":"APT_String","value":"514A68C8-81A0-4B6E-90B0-5B1299683E9B","numberOfConnectedProperties":0},{"name":"assettype","type":"APT_String","value":"materialappearance","numberOfConnectedProperties":0},{"name":"category","type":"APT_String","value":"石料","numberOfConnectedProperties":0},{"name":"ceramic_ao_details","type":"APT_Boolean","value":"False","numberOfConnectedProperties":0},{"name":"ceramic_ao_distance","type":"APT_Double","value":"4","numberOfConnectedProperties":0},{"name":"ceramic_ao_on","type":"APT_Boolean","value":"False","numberOfConnectedProperties":0},{"name":"ceramic_ao_samples","type":"APT_Integer","value":"16","numberOfConnectedProperties":0},{"name":"ceramic_application","type":"APT_Integer","value":"1","numberOfConnectedProperties":0},{"name":"ceramic_bump","type":"APT_Integer","value":"1","numberOfConnectedProperties":0},{"name":"ceramic_bump_amount","type":"APT_Double","value":"0.05","numberOfConnectedProperties":0},{"name":"ceramic_bump_map","type":"APT_Reference","value":null,"numberOfConnectedProperties":1},{"name":"UnifiedBitmapSchema","type":"APT_Asset","value":null,"numberOfConnectedProperties":0},{"name":"ceramic_color","type":"APT_DoubleArray4d","value":"0.96078431372549 0.96078431372549 0.96078431372549 1","numberOfConnectedProperties":0},{"name":"ceramic_color_by_object","type":"APT_Boolean","value":"False","numberOfConnectedProperties":0},{"name":"ceramic_pattern","type":"APT_Integer","value":"0","numberOfConnectedProperties":0},{"name":"ceramic_pattern_amount","type":"APT_Double","value":"0.25","numberOfConnectedProperties":0},{"name":"ceramic_pattern_map","type":"APT_Reference","value":null,"numberOfConnectedProperties":1},{"name":"UnifiedBitmapSchema","type":"APT_Asset","value":null,"numberOfConnectedProperties":0},{"name":"ceramic_refl_depth","type":"APT_Integer","value":"0","numberOfConnectedProperties":0},{"name":"ceramic_roundcorners_allow_different_materials","type":"APT_Boolean","value":"False","numberOfConnectedProperties":0},{"name":"ceramic_roundcorners_on","type":"APT_Boolean","value":"False","numberOfConnectedProperties":0},{"name":"ceramic_roundcorners_radius","type":"APT_Double","value":"0.25","numberOfConnectedProperties":0},{"name":"ceramic_type","type":"APT_Integer","value":"1","numberOfConnectedProperties":0},{"name":"common_Shared_Asset","type":"APT_Integer","value":"0","numberOfConnectedProperties":0},{"name":"common_Tint_color","type":"APT_DoubleArray4d","value":"0.315 0.315 0.315 1","numberOfConnectedProperties":0},{"name":"common_Tint_toggle","type":"APT_Boolean","value":"False","numberOfConnectedProperties":0},{"name":"description","type":"APT_String","value":"Light beige colour","numberOfConnectedProperties":0},{"name":"keyword","type":"APT_String","value":"interior:porcelain:taupe:sandy:beige:materials","numberOfConnectedProperties":0},{"name":"localname","type":"APT_String","value":"Ceramic","numberOfConnectedProperties":0},{"name":"localtype","type":"APT_String","value":"Appearance","numberOfConnectedProperties":0},{"name":"mode","type":"APT_Integer","value":"4","numberOfConnectedProperties":0},{"name":"reflection_glossy_samples","type":"APT_Integer","value":"32","numberOfConnectedProperties":0},{"name":"revision","type":"APT_Integer","value":"1","numberOfConnectedProperties":0},{"name":"swatch","type":"APT_String","value":"Swatch-Vase","numberOfConnectedProperties":0},{"name":"thumbnail","type":"APT_String","value":"adp:?asset=/3072685D-780F-4D46-8645-4759DBEBA7E9/Resources/Material-002_physmat_aspects:Ceramic-008/thumbnail/0/4f28c2e0淡黄棕灰褐色_png","numberOfConnectedProperties":0},{"name":"version","type":"APT_Integer","value":"3","numberOfConnectedProperties":0},{"name":"PatternOffset","type":"APT_DoubleArray2d","value":"0 0","numberOfConnectedProperties":0}]}
