{"elementId":"1070406","assetType":"Appearance","libraryName":"assetlibrary_base.fbx","title":"","properties":[{"name":"AdvancedUIDefinition","type":"APT_String","value":"Mats/Glazing/GlazingAdvancedUI.xml","numberOfConnectedProperties":0},{"name":"AssetLibID","type":"APT_String","value":"314DE259-5443-4621-BFBD-1730C6CC9AE9","numberOfConnectedProperties":0},{"name":"BaseSchema","type":"APT_String","value":"GlazingSchema","numberOfConnectedProperties":0},{"name":"Hidden","type":"APT_Boolean","value":"False","numberOfConnectedProperties":0},{"name":"ImplementationGeneric","type":"APT_String","value":"Mats/Glazing/Generic.xml","numberOfConnectedProperties":0},{"name":"ImplementationMentalRay","type":"APT_String","value":"Mats/Glazing/MentalImage.xml","numberOfConnectedProperties":0},{"name":"ImplementationOGS","type":"APT_String","value":"Mats/Glazing/OGS.xml","numberOfConnectedProperties":0},{"name":"ImplementationPreview","type":"APT_String","value":"Mats/Glazing/PreviewColor.xml","numberOfConnectedProperties":0},{"name":"SchemaVersion","type":"APT_Integer","value":"3","numberOfConnectedProperties":0},{"name":"UIDefinition","type":"APT_String","value":"Mats/Glazing/GlazingUI.xml","numberOfConnectedProperties":0},{"name":"UIName","type":"APT_String","value":"旋转百叶雨棚玻璃 (1)","numberOfConnectedProperties":0},{"name":"VersionGUID","type":"APT_String","value":"Glazing-017","numberOfConnectedProperties":0},{"name":"assettype","type":"APT_String","value":"materialappearance","numberOfConnectedProperties":0},{"name":"category","type":"APT_String","value":"Glass/Glazing:Default:Glass","numberOfConnectedProperties":0},{"name":"common_Shared_Asset","type":"APT_Integer","value":"1","numberOfConnectedProperties":0},{"name":"common_Tint_color","type":"APT_DoubleArray4d","value":"0.315 0.315 0.315 1","numberOfConnectedProperties":0},{"name":"common_Tint_toggle","type":"APT_Boolean","value":"False","numberOfConnectedProperties":0},{"name":"description","type":"APT_String","value":"","numberOfConnectedProperties":0},{"name":"glazing_color_by_object","type":"APT_Boolean","value":"False","numberOfConnectedProperties":0},{"name":"glazing_no_levels","type":"APT_Integer","value":"2","numberOfConnectedProperties":0},{"name":"glazing_refl_depth","type":"APT_Integer","value":"0","numberOfConnectedProperties":0},{"name":"glazing_reflectance","type":"APT_Double","value":"0.425000011920929","numberOfConnectedProperties":0},{"name":"glazing_refr_depth","type":"APT_Integer","value":"-1","numberOfConnectedProperties":0},{"name":"glazing_transmittance_color","type":"APT_Integer","value":"6","numberOfConnectedProperties":0},{"name":"glazing_transmittance_map","type":"APT_DoubleArray4d","value":"0.607843160629272 0.607843160629272 0.607843160629272 1","numberOfConnectedProperties":0},{"name":"keyword","type":"APT_String","value":"glass:glazing:window:tinted:gray:light gray:reflective:materials","numberOfConnectedProperties":0},{"name":"localname","type":"APT_String","value":"Glazing","numberOfConnectedProperties":0},{"name":"localtype","type":"APT_String","value":"Appearance","numberOfConnectedProperties":0},{"name":"mode","type":"APT_Integer","value":"4","numberOfConnectedProperties":0},{"name":"revision","type":"APT_Integer","value":"1","numberOfConnectedProperties":0},{"name":"swatch","type":"APT_String","value":"Swatch-CurtainWall","numberOfConnectedProperties":0},{"name":"thumbnail","type":"APT_String","value":"C:/Users/CLOUDT~2/AppData/Local/Temp/MaterialThumbnails_PID_1b84/533592f0旋转百叶雨棚玻璃 (1).png","numberOfConnectedProperties":0},{"name":"version","type":"APT_Integer","value":"3","numberOfConnectedProperties":0},{"name":"PatternOffset","type":"APT_DoubleArray2d","value":"0 0","numberOfConnectedProperties":0}]}
