{"elementId":"248380","assetType":"Appearance","libraryName":"assetlibrary_base.fbx","title":"","properties":[{"name":"ShadingModel","type":"APT_String","value":"Unknown","numberOfConnectedProperties":0},{"name":"MultiLayer","type":"APT_Boolean","value":"False","numberOfConnectedProperties":0},{"name":"version","type":"APT_Integer","value":"1","numberOfConnectedProperties":0},{"name":"revision","type":"APT_Integer","value":"1","numberOfConnectedProperties":0},{"name":"description","type":"APT_String","value":"Masonry and CMU material.","numberOfConnectedProperties":0},{"name":"UIDefinition","type":"APT_String","value":"Mats\\MasonryCMU\\MasonryCMUUI.xml","numberOfConnectedProperties":0},{"name":"ImplementationMentalRay","type":"APT_String","value":"Mats\\MasonryCMU\\MentalImage.xml","numberOfConnectedProperties":0},{"name":"ImplementationMentalRayAdditionalFiles","type":"APT_String","value":"Mats\\MasonryCMU\\mi.phenomenon\\include\\adsk_Mtl_MasonryCMU.mi","numberOfConnectedProperties":0},{"name":"ImplementationOGS","type":"APT_String","value":"Mats\\MasonryCMU\\OGS.xml","numberOfConnectedProperties":0},{"name":"ImplementationPreview","type":"APT_String","value":"Mats\\MasonryCMU\\PreviewColor.xml","numberOfConnectedProperties":0},{"name":"thumbnail","type":"APT_String","value":"Mats\\MasonryCMU\\Presets\\t_Masonry-031.png","numberOfConnectedProperties":0},{"name":"UIName","type":"APT_String","value":"Masonry-031","numberOfConnectedProperties":0},{"name":"InternalType","type":"APT_String","value":"preset","numberOfConnectedProperties":0},{"name":"masonrycmu_type","type":"APT_Enum","value":null,"numberOfConnectedProperties":0},{"name":"masonrycmu_color_by_object","type":"APT_Boolean","value":"False","numberOfConnectedProperties":0},{"name":"masonrycmu_color","type":"APT_DoubleArray4d","value":"0.471 0.471 0.471 1","numberOfConnectedProperties":1},{"name":"Masonry-031_masonrycmu_color","type":"APT_Asset","value":null,"numberOfConnectedProperties":0},{"name":"masonrycmu_application","type":"APT_Enum","value":null,"numberOfConnectedProperties":0},{"name":"masonrycmu_pattern","type":"APT_Enum","value":null,"numberOfConnectedProperties":0},{"name":"masonrycmu_pattern_map","type":"APT_Reference","value":null,"numberOfConnectedProperties":1},{"name":"Masonry-031_masonrycmu_pattern_map","type":"APT_Asset","value":null,"numberOfConnectedProperties":0},{"name":"masonrycmu_pattern_height","type":"APT_Float","value":null,"numberOfConnectedProperties":0},{"name":"reflection_glossy_samples","type":"APT_Integer","value":"32","numberOfConnectedProperties":0},{"name":"mode","type":"APT_Integer","value":"4","numberOfConnectedProperties":0},{"name":"swatch","type":"APT_String","value":"Swatch-Wall","numberOfConnectedProperties":0},{"name":"category","type":"APT_String","value":":Masonry - Brick:Default:Brick","numberOfConnectedProperties":0}]}
