{"elementId":"248389","assetType":"Appearance","libraryName":"assetlibrary_base.fbx","title":"","properties":[{"name":"ShadingModel","type":"APT_String","value":"Unknown","numberOfConnectedProperties":0},{"name":"MultiLayer","type":"APT_Boolean","value":"False","numberOfConnectedProperties":0},{"name":"version","type":"APT_Integer","value":"1","numberOfConnectedProperties":0},{"name":"revision","type":"APT_Integer","value":"1","numberOfConnectedProperties":0},{"name":"description","type":"APT_String","value":"Generic material.","numberOfConnectedProperties":0},{"name":"UIDefinition","type":"APT_String","value":"Mats\\Generic\\genericUI.xml","numberOfConnectedProperties":0},{"name":"ImplementationMentalRay","type":"APT_String","value":"Mats\\Generic\\MentalImage.xml","numberOfConnectedProperties":0},{"name":"ImplementationMentalRayAdditionalFiles","type":"APT_String","value":"Mats\\Generic\\mi.phenomenon\\include\\adsk_Mtl_SimpleGeneric.mi","numberOfConnectedProperties":0},{"name":"ImplementationOGS","type":"APT_String","value":"Mats\\Generic\\OGS.xml","numberOfConnectedProperties":0},{"name":"ImplementationPreview","type":"APT_String","value":"Mats\\Generic\\PreviewColor.xml","numberOfConnectedProperties":0},{"name":"thumbnail","type":"APT_String","value":"Mats\\Generic\\Presets\\t_ACADGen-347.png","numberOfConnectedProperties":0},{"name":"UIName","type":"APT_String","value":"ACADGen-347","numberOfConnectedProperties":0},{"name":"InternalType","type":"APT_String","value":"preset","numberOfConnectedProperties":0},{"name":"color_by_object","type":"APT_Boolean","value":"False","numberOfConnectedProperties":0},{"name":"generic_diffuse","type":"APT_DoubleArray4d","value":"0.38042 0.375683 0.394837 1","numberOfConnectedProperties":1},{"name":"ACADGen-347_generic_diffuse","type":"APT_Asset","value":null,"numberOfConnectedProperties":0},{"name":"generic_diffuse_image_fade","type":"APT_Float","value":null,"numberOfConnectedProperties":0},{"name":"generic_reflectivity_at_0deg","type":"APT_Float","value":null,"numberOfConnectedProperties":0},{"name":"generic_reflectivity_at_90deg","type":"APT_Float","value":null,"numberOfConnectedProperties":0},{"name":"generic_glossiness","type":"APT_Float","value":null,"numberOfConnectedProperties":0},{"name":"generic_is_metal","type":"APT_Boolean","value":"False","numberOfConnectedProperties":0},{"name":"generic_transparency","type":"APT_Float","value":null,"numberOfConnectedProperties":0},{"name":"generic_transparency_image_fade","type":"APT_Float","value":null,"numberOfConnectedProperties":0},{"name":"generic_refraction_index","type":"APT_Float","value":null,"numberOfConnectedProperties":0},{"name":"generic_refraction_translucency_weight","type":"APT_Float","value":null,"numberOfConnectedProperties":0},{"name":"generic_cutout_opacity","type":"APT_Float","value":null,"numberOfConnectedProperties":0},{"name":"generic_backface_cull","type":"APT_Boolean","value":"False","numberOfConnectedProperties":0},{"name":"generic_self_illum_luminance","type":"APT_Float","value":null,"numberOfConnectedProperties":0},{"name":"generic_self_illum_color_temperature","type":"APT_Float","value":null,"numberOfConnectedProperties":0},{"name":"generic_self_illum_filter_map","type":"APT_DoubleArray4d","value":"1 1 1 1","numberOfConnectedProperties":0},{"name":"generic_bump_amount","type":"APT_Float","value":null,"numberOfConnectedProperties":0},{"name":"generic_bump_map","type":"APT_DoubleArray4d","value":"0 0 0 1","numberOfConnectedProperties":0},{"name":"generic_reflection_glossy_samples","type":"APT_Integer","value":"12","numberOfConnectedProperties":0},{"name":"generic_refraction_glossy_samples","type":"APT_Integer","value":"12","numberOfConnectedProperties":0},{"name":"mode","type":"APT_Integer","value":"4","numberOfConnectedProperties":0},{"name":"swatch","type":"APT_String","value":"Swatch-Hill","numberOfConnectedProperties":0},{"name":"category","type":"APT_String","value":":Sitework:Default:Miscellaneous","numberOfConnectedProperties":0}]}
