{"elementId":"248415","assetType":"Appearance","libraryName":"assetlibrary_base.fbx","title":"","properties":[{"name":"ShadingModel","type":"APT_String","value":"Unknown","numberOfConnectedProperties":0},{"name":"MultiLayer","type":"APT_Boolean","value":"False","numberOfConnectedProperties":0},{"name":"description","type":"APT_String","value":"Generic material.","numberOfConnectedProperties":0},{"name":"version","type":"APT_Integer","value":"1","numberOfConnectedProperties":0},{"name":"revision","type":"APT_Integer","value":"1","numberOfConnectedProperties":0},{"name":"BaseSchema","type":"APT_String","value":"GenericSchema","numberOfConnectedProperties":0},{"name":"AssetLibID","type":"APT_String","value":"314DE259-5443-4621-BFBD-1730C6CC9AE9","numberOfConnectedProperties":0},{"name":"VersionGUID","type":"APT_String","value":"Generic","numberOfConnectedProperties":0},{"name":"assettype","type":"APT_String","value":"materialappearance","numberOfConnectedProperties":0},{"name":"common_Tint_toggle","type":"APT_Boolean","value":"False","numberOfConnectedProperties":0},{"name":"common_Tint_color","type":"APT_DoubleArray4d","value":"0.315 0.315 0.315 1","numberOfConnectedProperties":0},{"name":"SchemaVersion","type":"APT_Integer","value":"1","numberOfConnectedProperties":0},{"name":"localtype","type":"APT_String","value":"Appearance","numberOfConnectedProperties":0},{"name":"localname","type":"APT_String","value":"Generic","numberOfConnectedProperties":0},{"name":"UIName","type":"APT_String","value":"Generic(4)","numberOfConnectedProperties":0},{"name":"thumbnail","type":"APT_String","value":"materialthumbnails_pid_17ac\\518c7980generic (20).png","numberOfConnectedProperties":0},{"name":"Hidden","type":"APT_Boolean","value":"False","numberOfConnectedProperties":0},{"name":"UIDefinition","type":"APT_String","value":"Mats\\Generic\\GenericUI.xml","numberOfConnectedProperties":0},{"name":"AdvancedUIDefinition","type":"APT_String","value":"Mats\\Generic\\GenericAdvancedUI.xml","numberOfConnectedProperties":0},{"name":"ImplementationMentalRay","type":"APT_String","value":"Mats\\Generic\\MentalImage.xml","numberOfConnectedProperties":0},{"name":"ImplementationOGS","type":"APT_String","value":"Mats\\Generic\\OGS.xml","numberOfConnectedProperties":0},{"name":"ImplementationPreview","type":"APT_String","value":"Mats\\Generic\\PreviewColor.xml","numberOfConnectedProperties":0},{"name":"ImplementationGeneric","type":"APT_String","value":"","numberOfConnectedProperties":0},{"name":"swatch","type":"APT_String","value":"Swatch-Branded","numberOfConnectedProperties":0},{"name":"common_Shared_Asset","type":"APT_Enum","value":null,"numberOfConnectedProperties":0},{"name":"color_by_object","type":"APT_Boolean","value":"False","numberOfConnectedProperties":0},{"name":"generic_diffuse","type":"APT_DoubleArray4d","value":"0.564705908298492 0.572549045085907 0.541176497936249 1","numberOfConnectedProperties":0},{"name":"generic_diffuse_image_fade","type":"APT_Double","value":"1","numberOfConnectedProperties":0},{"name":"generic_reflectivity_at_0deg","type":"APT_Double","value":"0","numberOfConnectedProperties":0},{"name":"generic_reflectivity_at_90deg","type":"APT_Double","value":"0","numberOfConnectedProperties":0},{"name":"generic_glossiness","type":"APT_Double","value":"0.5","numberOfConnectedProperties":0},{"name":"generic_is_metal","type":"APT_Boolean","value":"False","numberOfConnectedProperties":0},{"name":"generic_transparency","type":"APT_Double","value":"0.509999990463257","numberOfConnectedProperties":0},{"name":"generic_transparency_image_fade","type":"APT_Double","value":"1","numberOfConnectedProperties":0},{"name":"generic_refraction_index","type":"APT_Double","value":"1.51999998092651","numberOfConnectedProperties":0},{"name":"generic_refraction_translucency_weight","type":"APT_Double","value":"0","numberOfConnectedProperties":0},{"name":"generic_cutout_opacity","type":"APT_Double","value":"1","numberOfConnectedProperties":0},{"name":"generic_backface_cull","type":"APT_Boolean","value":"False","numberOfConnectedProperties":0},{"name":"generic_self_illum_luminance","type":"APT_Double","value":"0","numberOfConnectedProperties":0},{"name":"generic_self_illum_color_temperature","type":"APT_Double","value":"6500","numberOfConnectedProperties":0},{"name":"generic_self_illum_filter_map","type":"APT_DoubleArray4d","value":"1 1 1 1","numberOfConnectedProperties":0},{"name":"generic_bump_amount","type":"APT_Double","value":"0.100000001490116","numberOfConnectedProperties":0},{"name":"generic_bump_map","type":"APT_DoubleArray4d","value":"0 0 0 1","numberOfConnectedProperties":0},{"name":"generic_ao_on","type":"APT_Boolean","value":"False","numberOfConnectedProperties":0},{"name":"generic_ao_samples","type":"APT_Integer","value":"16","numberOfConnectedProperties":0},{"name":"generic_ao_distance","type":"APT_Double","value":"4","numberOfConnectedProperties":0},{"name":"generic_ao_details","type":"APT_Boolean","value":"True","numberOfConnectedProperties":0},{"name":"generic_roundcorners_radius","type":"APT_Double","value":"0","numberOfConnectedProperties":0},{"name":"generic_roundcorners_allow_different_materials","type":"APT_Boolean","value":"False","numberOfConnectedProperties":0},{"name":"generic_refl_depth","type":"APT_Integer","value":"0","numberOfConnectedProperties":0},{"name":"generic_refr_depth","type":"APT_Integer","value":"-1","numberOfConnectedProperties":0},{"name":"generic_reflection_glossy_samples","type":"APT_Integer","value":"12","numberOfConnectedProperties":0},{"name":"generic_refraction_glossy_samples","type":"APT_Integer","value":"12","numberOfConnectedProperties":0},{"name":"mode","type":"APT_Integer","value":"4","numberOfConnectedProperties":0},{"name":"InternalType","type":"APT_String","value":"material","numberOfConnectedProperties":0},{"name":"keyword","type":"APT_String","value":":materials:generic","numberOfConnectedProperties":0},{"name":"category","type":"APT_String","value":":Default:Miscellaneous","numberOfConnectedProperties":0},{"name":"PatternOffset","type":"APT_DoubleArray2d","value":"0 0","numberOfConnectedProperties":0}]}
