{"elementId":"248425","assetType":"Appearance","libraryName":"assetlibrary_base.fbx","title":"","properties":[{"name":"ShadingModel","type":"APT_String","value":"Unknown","numberOfConnectedProperties":0},{"name":"MultiLayer","type":"APT_Boolean","value":"False","numberOfConnectedProperties":0},{"name":"description","type":"APT_String","value":"Hardwood material.","numberOfConnectedProperties":0},{"name":"version","type":"APT_Integer","value":"3","numberOfConnectedProperties":0},{"name":"revision","type":"APT_Integer","value":"1","numberOfConnectedProperties":0},{"name":"BaseSchema","type":"APT_String","value":"HardwoodSchema","numberOfConnectedProperties":0},{"name":"AssetLibID","type":"APT_String","value":"314DE259-5443-4621-BFBD-1730C6CC9AE9","numberOfConnectedProperties":0},{"name":"VersionGUID","type":"APT_String","value":"Wood-096","numberOfConnectedProperties":0},{"name":"assettype","type":"APT_String","value":"materialappearance","numberOfConnectedProperties":0},{"name":"common_Tint_toggle","type":"APT_Boolean","value":"False","numberOfConnectedProperties":0},{"name":"common_Tint_color","type":"APT_DoubleArray4d","value":"0.315 0.315 0.315 1","numberOfConnectedProperties":0},{"name":"SchemaVersion","type":"APT_Integer","value":"1","numberOfConnectedProperties":0},{"name":"localtype","type":"APT_String","value":"Appearance","numberOfConnectedProperties":0},{"name":"localname","type":"APT_String","value":"Wood","numberOfConnectedProperties":0},{"name":"UIName","type":"APT_String","value":"Wood-096","numberOfConnectedProperties":0},{"name":"thumbnail","type":"APT_String","value":"Mats\\Hardwood\\Presets\\t_Wood-096.png","numberOfConnectedProperties":0},{"name":"Hidden","type":"APT_Boolean","value":"False","numberOfConnectedProperties":0},{"name":"UIDefinition","type":"APT_String","value":"Mats\\Hardwood\\HardwoodUI.xml","numberOfConnectedProperties":0},{"name":"AdvancedUIDefinition","type":"APT_String","value":"Mats\\Hardwood\\HardwoodAdvancedUI.xml","numberOfConnectedProperties":0},{"name":"ImplementationMentalRay","type":"APT_String","value":"Mats\\Hardwood\\MentalImage.xml","numberOfConnectedProperties":0},{"name":"ImplementationOGS","type":"APT_String","value":"Mats\\Hardwood\\OGS.xml","numberOfConnectedProperties":0},{"name":"ImplementationPreview","type":"APT_String","value":"Mats\\Hardwood\\PreviewColor.xml","numberOfConnectedProperties":0},{"name":"ImplementationGeneric","type":"APT_String","value":"Mats\\Hardwood\\Generic.xml","numberOfConnectedProperties":0},{"name":"swatch","type":"APT_String","value":"Swatch-Cube","numberOfConnectedProperties":0},{"name":"common_Shared_Asset","type":"APT_Enum","value":null,"numberOfConnectedProperties":0},{"name":"hardwood_color","type":"APT_Reference","value":null,"numberOfConnectedProperties":1},{"name":"Wood-096_hardwood_color","type":"APT_Asset","value":null,"numberOfConnectedProperties":0},{"name":"hardwood_tint_color","type":"APT_DoubleArray4d","value":"0.46484375 0.29296875 0.04296875 1","numberOfConnectedProperties":0},{"name":"hardwood_tint_enabled","type":"APT_Enum","value":null,"numberOfConnectedProperties":0},{"name":"hardwood_finish","type":"APT_Enum","value":null,"numberOfConnectedProperties":0},{"name":"hardwood_application","type":"APT_Enum","value":null,"numberOfConnectedProperties":0},{"name":"hardwood_imperfections","type":"APT_Enum","value":null,"numberOfConnectedProperties":0},{"name":"hardwood_imperfections_amount","type":"APT_Double","value":"0.3","numberOfConnectedProperties":0},{"name":"hardwood_imperfections_shader","type":"APT_Reference","value":null,"numberOfConnectedProperties":1},{"name":"Wood-096_hardwood_imperfections_shader","type":"APT_Asset","value":null,"numberOfConnectedProperties":0},{"name":"hardwood_ao_on","type":"APT_Boolean","value":"False","numberOfConnectedProperties":0},{"name":"hardwood_ao_samples","type":"APT_Integer","value":"16","numberOfConnectedProperties":0},{"name":"hardwood_ao_distance","type":"APT_Double","value":"4","numberOfConnectedProperties":0},{"name":"hardwood_ao_details","type":"APT_Boolean","value":"False","numberOfConnectedProperties":0},{"name":"hardwood_roundcorners_on","type":"APT_Boolean","value":"False","numberOfConnectedProperties":0},{"name":"hardwood_roundcorners_radius","type":"APT_Double","value":"0.25","numberOfConnectedProperties":0},{"name":"hardwood_roundcorners_allow_different_materials","type":"APT_Boolean","value":"False","numberOfConnectedProperties":0},{"name":"hardwood_refl_depth","type":"APT_Integer","value":"0","numberOfConnectedProperties":0},{"name":"reflection_glossy_samples","type":"APT_Integer","value":"32","numberOfConnectedProperties":0},{"name":"mode","type":"APT_Integer","value":"4","numberOfConnectedProperties":0},{"name":"connectionEnabled","type":"APT_Boolean","value":"True","numberOfConnectedProperties":0},{"name":"category","type":"APT_String","value":":Wood:Default","numberOfConnectedProperties":0},{"name":"PatternOffset","type":"APT_DoubleArray2d","value":"0 0","numberOfConnectedProperties":0}]}
