{"elementId":"254643","assetType":"Appearance","libraryName":"assetlibrary_base.fbx","title":"","properties":[{"name":"ShadingModel","type":"APT_String","value":"Unknown","numberOfConnectedProperties":0},{"name":"MultiLayer","type":"APT_Boolean","value":"False","numberOfConnectedProperties":0},{"name":"description","type":"APT_String","value":"Paint material for interiors.","numberOfConnectedProperties":0},{"name":"version","type":"APT_Integer","value":"2","numberOfConnectedProperties":0},{"name":"revision","type":"APT_Integer","value":"1","numberOfConnectedProperties":0},{"name":"BaseSchema","type":"APT_String","value":"WallPaintSchema","numberOfConnectedProperties":0},{"name":"AssetLibID","type":"APT_String","value":"AD121259-C03E-4A1D-92D8-59A22B4807AD","numberOfConnectedProperties":0},{"name":"VersionGUID","type":"APT_String","value":"Paint-002","numberOfConnectedProperties":0},{"name":"assettype","type":"APT_String","value":"materialappearance","numberOfConnectedProperties":0},{"name":"common_Tint_toggle","type":"APT_Boolean","value":"False","numberOfConnectedProperties":0},{"name":"common_Tint_color","type":"APT_DoubleArray4d","value":"0.315 0.315 0.315 1","numberOfConnectedProperties":0},{"name":"SchemaVersion","type":"APT_Integer","value":"1","numberOfConnectedProperties":0},{"name":"localtype","type":"APT_String","value":"Appearance","numberOfConnectedProperties":0},{"name":"localname","type":"APT_String","value":"Wall Paint","numberOfConnectedProperties":0},{"name":"UIName","type":"APT_String","value":"Paint-002","numberOfConnectedProperties":0},{"name":"thumbnail","type":"APT_String","value":"Mats\\WallPaint\\Presets\\t_Paint-002.png","numberOfConnectedProperties":0},{"name":"Hidden","type":"APT_Boolean","value":"False","numberOfConnectedProperties":0},{"name":"UIDefinition","type":"APT_String","value":"Mats\\WallPaint\\wallPaintUI.xml","numberOfConnectedProperties":0},{"name":"AdvancedUIDefinition","type":"APT_String","value":"Mats\\WallPaint\\wallPaintAdvancedUI.xml","numberOfConnectedProperties":0},{"name":"ImplementationMentalRay","type":"APT_String","value":"Mats\\WallPaint\\MentalImage.xml","numberOfConnectedProperties":0},{"name":"ImplementationOGS","type":"APT_String","value":"Mats\\WallPaint\\OGS.xml","numberOfConnectedProperties":0},{"name":"ImplementationPreview","type":"APT_String","value":"Mats\\WallPaint\\PreviewColor.xml","numberOfConnectedProperties":0},{"name":"ImplementationGeneric","type":"APT_String","value":"Mats\\WallPaint\\Generic.xml","numberOfConnectedProperties":0},{"name":"swatch","type":"APT_String","value":"Swatch-Wall","numberOfConnectedProperties":0},{"name":"common_Shared_Asset","type":"APT_Enum","value":null,"numberOfConnectedProperties":0},{"name":"wallpaint_color_by_object","type":"APT_Boolean","value":"False","numberOfConnectedProperties":0},{"name":"wallpaint_color","type":"APT_DoubleArray4d","value":"0.07 0.07 0.07 1","numberOfConnectedProperties":0},{"name":"wallpaint_finish","type":"APT_Enum","value":null,"numberOfConnectedProperties":0},{"name":"wallpaint_application","type":"APT_Enum","value":null,"numberOfConnectedProperties":0},{"name":"wallpaint_ao_on","type":"APT_Boolean","value":"False","numberOfConnectedProperties":0},{"name":"wallpaint_ao_samples","type":"APT_Integer","value":"16","numberOfConnectedProperties":0},{"name":"wallpaint_ao_distance","type":"APT_Double","value":"4","numberOfConnectedProperties":0},{"name":"wallpaint_ao_details","type":"APT_Boolean","value":"False","numberOfConnectedProperties":0},{"name":"wallpaint_roundcorners_on","type":"APT_Boolean","value":"False","numberOfConnectedProperties":0},{"name":"wallpaint_roundcorners_radius","type":"APT_Double","value":"0.25","numberOfConnectedProperties":0},{"name":"wallpaint_roundcorners_allow_different_materials","type":"APT_Boolean","value":"False","numberOfConnectedProperties":0},{"name":"wallpaint_refl_depth","type":"APT_Integer","value":"0","numberOfConnectedProperties":0},{"name":"wallpaint_reflection_glossy_samples","type":"APT_Integer","value":"32","numberOfConnectedProperties":0},{"name":"mode","type":"APT_Integer","value":"4","numberOfConnectedProperties":0},{"name":"keyword","type":"APT_String","value":":paint:black:matte:interior:wall:materials","numberOfConnectedProperties":0},{"name":"category","type":"APT_String","value":":Wall Paint/Matte:Default:Paint","numberOfConnectedProperties":0}]}
