{"elementId":"339098","assetType":"Appearance","libraryName":"assetlibrary_base.fbx","title":"","properties":[{"name":"AdvancedUIDefinition","type":"APT_String","value":"Mats/Hardwood/HardwoodAdvancedUI.xml","numberOfConnectedProperties":0},{"name":"AssetLibID","type":"APT_String","value":"246199B5-A0F6-4FCA-8A21-82C6C458E9A6","numberOfConnectedProperties":0},{"name":"BaseSchema","type":"APT_String","value":"HardwoodSchema","numberOfConnectedProperties":0},{"name":"Hidden","type":"APT_Boolean","value":"False","numberOfConnectedProperties":0},{"name":"ImplementationGeneric","type":"APT_String","value":"Mats/Hardwood/Generic.xml","numberOfConnectedProperties":0},{"name":"ImplementationMentalRay","type":"APT_String","value":"Mats/Hardwood/MentalImage.xml","numberOfConnectedProperties":0},{"name":"ImplementationOGS","type":"APT_String","value":"Mats/Hardwood/OGS.xml","numberOfConnectedProperties":0},{"name":"ImplementationPreview","type":"APT_String","value":"Mats/Hardwood/PreviewColor.xml","numberOfConnectedProperties":0},{"name":"SchemaVersion","type":"APT_Integer","value":"3","numberOfConnectedProperties":0},{"name":"UIDefinition","type":"APT_String","value":"Mats/Hardwood/HardwoodUI.xml","numberOfConnectedProperties":0},{"name":"UIName","type":"APT_String","value":"白色橡木 - 天然中光泽","numberOfConnectedProperties":0},{"name":"VersionGUID","type":"APT_String","value":"7FEF2224-9D03-4691-89A0-F54342D023BD","numberOfConnectedProperties":0},{"name":"assettype","type":"APT_String","value":"materialappearance","numberOfConnectedProperties":0},{"name":"category","type":"APT_String","value":"","numberOfConnectedProperties":0},{"name":"common_Shared_Asset","type":"APT_Integer","value":"0","numberOfConnectedProperties":0},{"name":"common_Tint_color","type":"APT_DoubleArray4d","value":"0.315 0.315 0.315 1","numberOfConnectedProperties":0},{"name":"common_Tint_toggle","type":"APT_Boolean","value":"False","numberOfConnectedProperties":0},{"name":"description","type":"APT_String","value":"Hardwood material.","numberOfConnectedProperties":0},{"name":"hardwood_ao_details","type":"APT_Boolean","value":"False","numberOfConnectedProperties":0},{"name":"hardwood_ao_distance","type":"APT_Double","value":"4","numberOfConnectedProperties":0},{"name":"hardwood_ao_on","type":"APT_Boolean","value":"False","numberOfConnectedProperties":0},{"name":"hardwood_ao_samples","type":"APT_Integer","value":"16","numberOfConnectedProperties":0},{"name":"hardwood_application","type":"APT_Integer","value":"1","numberOfConnectedProperties":0},{"name":"hardwood_color","type":"APT_Reference","value":null,"numberOfConnectedProperties":1},{"name":"UnifiedBitmapSchema","type":"APT_Asset","value":null,"numberOfConnectedProperties":0},{"name":"hardwood_finish","type":"APT_Integer","value":"1","numberOfConnectedProperties":0},{"name":"hardwood_imperfections","type":"APT_Integer","value":"0","numberOfConnectedProperties":0},{"name":"hardwood_imperfections_amount","type":"APT_Double","value":"0.3","numberOfConnectedProperties":0},{"name":"hardwood_imperfections_shader","type":"APT_Reference","value":null,"numberOfConnectedProperties":1},{"name":"UnifiedBitmapSchema","type":"APT_Asset","value":null,"numberOfConnectedProperties":0},{"name":"hardwood_refl_depth","type":"APT_Integer","value":"0","numberOfConnectedProperties":0},{"name":"hardwood_roundcorners_allow_different_materials","type":"APT_Boolean","value":"False","numberOfConnectedProperties":0},{"name":"hardwood_roundcorners_on","type":"APT_Boolean","value":"False","numberOfConnectedProperties":0},{"name":"hardwood_roundcorners_radius","type":"APT_Double","value":"0.25","numberOfConnectedProperties":0},{"name":"hardwood_tint_color","type":"APT_DoubleArray4d","value":"0.505882352941176 0.305882352941176 0.12156862745098 1","numberOfConnectedProperties":0},{"name":"hardwood_tint_enabled","type":"APT_Integer","value":"1","numberOfConnectedProperties":0},{"name":"keyword","type":"APT_String","value":"oak:wood:interior:furniture:materials:hardwood","numberOfConnectedProperties":0},{"name":"localname","type":"APT_String","value":"Wood","numberOfConnectedProperties":0},{"name":"localtype","type":"APT_String","value":"Appearance","numberOfConnectedProperties":0},{"name":"mode","type":"APT_Integer","value":"4","numberOfConnectedProperties":0},{"name":"reflection_glossy_samples","type":"APT_Integer","value":"32","numberOfConnectedProperties":0},{"name":"revision","type":"APT_Integer","value":"1","numberOfConnectedProperties":0},{"name":"swatch","type":"APT_String","value":"Swatch-Cube","numberOfConnectedProperties":0},{"name":"thumbnail","type":"APT_String","value":"C:/Users/TMPUSE~1.ZUA/AppData/Local/Temp/MaterialThumbnails_PID_42c/620c2fd0白色橡木 - 天然中光泽.png","numberOfConnectedProperties":0},{"name":"version","type":"APT_Integer","value":"3","numberOfConnectedProperties":0},{"name":"PatternOffset","type":"APT_DoubleArray2d","value":"0 0","numberOfConnectedProperties":0}]}
