{"elementId":"501359","assetType":"Appearance","libraryName":"assetlibrary_base.fbx","title":"","properties":[{"name":"ShadingModel","type":"APT_String","value":"unknown","numberOfConnectedProperties":0},{"name":"MultiLayer","type":"APT_Boolean","value":"False","numberOfConnectedProperties":0},{"name":"version","type":"APT_Integer","value":"1","numberOfConnectedProperties":0},{"name":"revision","type":"APT_Integer","value":"1","numberOfConnectedProperties":0},{"name":"description","type":"APT_String","value":"Metal.","numberOfConnectedProperties":0},{"name":"UIDefinition","type":"APT_String","value":"Mats\\Metal\\metalUI.xml","numberOfConnectedProperties":0},{"name":"ImplementationMentalRay","type":"APT_String","value":"Mats\\Metal\\MentalImage.xml","numberOfConnectedProperties":0},{"name":"ImplementationMentalRayAdditionalFiles","type":"APT_String","value":"","numberOfConnectedProperties":0},{"name":"ImplementationOGS","type":"APT_String","value":"Mats\\Metal\\OGS.xml","numberOfConnectedProperties":0},{"name":"ImplementationPreview","type":"APT_String","value":"Mats\\Metal\\PreviewColor.xml","numberOfConnectedProperties":0},{"name":"brush_def_map","type":"APT_String","value":"Mats\\Metal\\external.dependency\\Simple_Metal_Mtl_Brush_pattern.jpg","numberOfConnectedProperties":0},{"name":"break_def_map","type":"APT_String","value":"Mats\\Metal\\external.dependency\\Simple_Metal_Mtl_Break_pattern.jpg","numberOfConnectedProperties":0},{"name":"bump_diamond_map","type":"APT_String","value":"Mats\\Metal\\external.dependency\\Simple_Metal_Mtl_DiamondPlate_pattern.jpg","numberOfConnectedProperties":0},{"name":"bump_checker_map","type":"APT_String","value":"Mats\\Metal\\external.dependency\\Simple_Metal_Mtl_CheckerPlate_pattern.jpg","numberOfConnectedProperties":0},{"name":"thumbnail","type":"APT_String","value":"Mats\\Metal\\Presets\\t_Metal-029.png","numberOfConnectedProperties":0},{"name":"UIName","type":"APT_String","value":"Metal-029","numberOfConnectedProperties":0},{"name":"InternalType","type":"APT_String","value":"preset","numberOfConnectedProperties":0},{"name":"metal_type","type":"APT_Enum","value":null,"numberOfConnectedProperties":0},{"name":"metal_color_by_object","type":"APT_Boolean","value":"False","numberOfConnectedProperties":0},{"name":"metal_color","type":"APT_DoubleArray4d","value":"0.600000023841858 0.600000023841858 0.600000023841858 1","numberOfConnectedProperties":0},{"name":"metal_patina","type":"APT_Float","value":null,"numberOfConnectedProperties":0},{"name":"metal_finish","type":"APT_Enum","value":null,"numberOfConnectedProperties":0},{"name":"metal_pattern","type":"APT_Enum","value":null,"numberOfConnectedProperties":0},{"name":"metal_pattern_height","type":"APT_Float","value":null,"numberOfConnectedProperties":0},{"name":"metal_pattern_scale","type":"APT_Float","value":null,"numberOfConnectedProperties":0},{"name":"metal_pattern_shader","type":"APT_Reference","value":null,"numberOfConnectedProperties":1},{"name":"Metal-029_metal_pattern_shader","type":"APT_Asset","value":null,"numberOfConnectedProperties":0},{"name":"metal_perforations","type":"APT_Enum","value":null,"numberOfConnectedProperties":0},{"name":"metal_perforations_size","type":"APT_Float","value":null,"numberOfConnectedProperties":0},{"name":"metal_perforations_center","type":"APT_Float","value":null,"numberOfConnectedProperties":0},{"name":"metal_perforations_space","type":"APT_Float","value":null,"numberOfConnectedProperties":0},{"name":"metal_perforations_shader","type":"APT_Reference","value":null,"numberOfConnectedProperties":1},{"name":"Metal-029_metal_perforations_shader","type":"APT_Asset","value":null,"numberOfConnectedProperties":0},{"name":"reflection_glossy_samples","type":"APT_Integer","value":"32","numberOfConnectedProperties":0},{"name":"mode","type":"APT_Integer","value":"4","numberOfConnectedProperties":0},{"name":"swatch","type":"APT_String","value":"Swatch-Sphere2","numberOfConnectedProperties":0},{"name":"category","type":"APT_String","value":"Metal","numberOfConnectedProperties":0}]}
