{"elementId":"599488","assetType":"Appearance","libraryName":"assetlibrary_base.fbx","title":"","properties":[{"name":"ShadingModel","type":"APT_String","value":"unknown","numberOfConnectedProperties":0},{"name":"MultiLayer","type":"APT_Boolean","value":"False","numberOfConnectedProperties":0},{"name":"version","type":"APT_Integer","value":"2","numberOfConnectedProperties":0},{"name":"revision","type":"APT_Integer","value":"1","numberOfConnectedProperties":0},{"name":"description","type":"APT_String","value":"Plastic and vinyl material.","numberOfConnectedProperties":0},{"name":"UIDefinition","type":"APT_String","value":"Mats\\PlasticVinyl\\PlasticVinylUI.xml","numberOfConnectedProperties":0},{"name":"AdvancedUIDefinition","type":"APT_String","value":"Mats\\PlasticVinyl\\PlasticVinylAdvancedUI.xml","numberOfConnectedProperties":0},{"name":"ImplementationMentalRay","type":"APT_String","value":"Mats\\PlasticVinyl\\MentalImage.xml","numberOfConnectedProperties":0},{"name":"ImplementationMentalRayAdditionalFiles","type":"APT_String","value":"Mats\\PlasticVinyl\\mi.phenomenon\\include\\adsk_Mtl_PlasticVinyl.mi","numberOfConnectedProperties":0},{"name":"ImplementationOGS","type":"APT_String","value":"Mats\\PlasticVinyl\\OGS.xml","numberOfConnectedProperties":0},{"name":"ImplementationPreview","type":"APT_String","value":"Mats\\PlasticVinyl\\PreviewColor.xml","numberOfConnectedProperties":0},{"name":"ImplementationGeneric","type":"APT_String","value":"Mats\\PlasticVinyl\\Generic.xml","numberOfConnectedProperties":0},{"name":"thumbnail","type":"APT_String","value":"Mats\\PlasticVinyl\\Presets\\t_Plastic-001.png","numberOfConnectedProperties":0},{"name":"UIName","type":"APT_String","value":"Plastic-001","numberOfConnectedProperties":0},{"name":"InternalType","type":"APT_String","value":"preset","numberOfConnectedProperties":0},{"name":"plasticvinyl_type","type":"APT_Enum","value":null,"numberOfConnectedProperties":0},{"name":"plasticvinyl_color_by_object","type":"APT_Boolean","value":"False","numberOfConnectedProperties":0},{"name":"plasticvinyl_color","type":"APT_DoubleArray4d","value":"0.0199999995529652 0.0199999995529652 0.0199999995529652 1","numberOfConnectedProperties":0},{"name":"plasticvinyl_application","type":"APT_Enum","value":null,"numberOfConnectedProperties":0},{"name":"plasticvinyl_bump","type":"APT_Enum","value":null,"numberOfConnectedProperties":0},{"name":"plasticvinyl_bump_map","type":"APT_Reference","value":null,"numberOfConnectedProperties":1},{"name":"Plastic-001_plasticvinyl_bump_map","type":"APT_Asset","value":null,"numberOfConnectedProperties":0},{"name":"plasticvinyl_bump_amount","type":"APT_Float","value":null,"numberOfConnectedProperties":0},{"name":"plasticvinyl_pattern","type":"APT_Enum","value":null,"numberOfConnectedProperties":0},{"name":"plasticvinyl_pattern_map","type":"APT_Reference","value":null,"numberOfConnectedProperties":1},{"name":"Plastic-001_plasticvinyl_pattern_map","type":"APT_Asset","value":null,"numberOfConnectedProperties":0},{"name":"plasticvinyl_pattern_amount","type":"APT_Float","value":null,"numberOfConnectedProperties":0},{"name":"plasticvinyl_ao_on","type":"APT_Boolean","value":"False","numberOfConnectedProperties":0},{"name":"plasticvinyl_ao_samples","type":"APT_Integer","value":"16","numberOfConnectedProperties":0},{"name":"plasticvinyl_ao_distance","type":"APT_Float","value":null,"numberOfConnectedProperties":0},{"name":"plasticvinyl_ao_details","type":"APT_Boolean","value":"False","numberOfConnectedProperties":0},{"name":"plasticvinyl_roundcorners_on","type":"APT_Boolean","value":"False","numberOfConnectedProperties":0},{"name":"plasticvinyl_roundcorners_radius","type":"APT_Float","value":null,"numberOfConnectedProperties":0},{"name":"plasticvinyl_roundcorners_allow_different_materials","type":"APT_Boolean","value":"False","numberOfConnectedProperties":0},{"name":"plasticvinyl_refl_depth","type":"APT_Integer","value":"0","numberOfConnectedProperties":0},{"name":"plasticvinyl_refr_depth","type":"APT_Integer","value":"-1","numberOfConnectedProperties":0},{"name":"reflection_glossy_samples","type":"APT_Integer","value":"32","numberOfConnectedProperties":0},{"name":"refraction_glossy_samples","type":"APT_Integer","value":"32","numberOfConnectedProperties":0},{"name":"mode","type":"APT_Integer","value":"4","numberOfConnectedProperties":0},{"name":"swatch","type":"APT_String","value":"Swatch-Cylinder","numberOfConnectedProperties":0},{"name":"category","type":"APT_String","value":"Plastic","numberOfConnectedProperties":0}]}
