{"elementId":"617191","assetType":"Appearance","libraryName":"assetlibrary_base.fbx","title":"","properties":[{"name":"AdvancedUIDefinition","type":"APT_String","value":"Mats/MasonryCMU/MasonryCMUAdvancedUI.xml","numberOfConnectedProperties":0},{"name":"AssetLibID","type":"APT_String","value":"3072685D-780F-4D46-8645-4759DBEBA7E9","numberOfConnectedProperties":0},{"name":"BaseSchema","type":"APT_String","value":"MasonryCMUSchema","numberOfConnectedProperties":0},{"name":"Hidden","type":"APT_Boolean","value":"False","numberOfConnectedProperties":0},{"name":"ImplementationGeneric","type":"APT_String","value":"Mats/MasonryCMU/Generic.xml","numberOfConnectedProperties":0},{"name":"ImplementationMentalRay","type":"APT_String","value":"Mats/MasonryCMU/MentalImage.xml","numberOfConnectedProperties":0},{"name":"ImplementationOGS","type":"APT_String","value":"Mats/MasonryCMU/OGS.xml","numberOfConnectedProperties":0},{"name":"ImplementationPreview","type":"APT_String","value":"Mats/MasonryCMU/PreviewColor.xml","numberOfConnectedProperties":0},{"name":"SchemaVersion","type":"APT_Integer","value":"3","numberOfConnectedProperties":0},{"name":"UIDefinition","type":"APT_String","value":"Mats/MasonryCMU/MasonryCMUUI.xml","numberOfConnectedProperties":0},{"name":"UIName","type":"APT_String","value":"无装饰 - 中灰色(2)","numberOfConnectedProperties":0},{"name":"VersionGUID","type":"APT_String","value":"Masonry-004","numberOfConnectedProperties":0},{"name":"assettype","type":"APT_String","value":"materialappearance","numberOfConnectedProperties":0},{"name":"category","type":"APT_String","value":"砖石","numberOfConnectedProperties":0},{"name":"common_Shared_Asset","type":"APT_Integer","value":"0","numberOfConnectedProperties":0},{"name":"common_Tint_color","type":"APT_DoubleArray4d","value":"0.315 0.315 0.315 1","numberOfConnectedProperties":0},{"name":"common_Tint_toggle","type":"APT_Boolean","value":"False","numberOfConnectedProperties":0},{"name":"description","type":"APT_String","value":"Masonry and CMU material.","numberOfConnectedProperties":0},{"name":"keyword","type":"APT_String","value":"masonry:cmu:medium:gray:grey:plain:materials","numberOfConnectedProperties":0},{"name":"localname","type":"APT_String","value":"Masonry","numberOfConnectedProperties":0},{"name":"localtype","type":"APT_String","value":"Appearance","numberOfConnectedProperties":0},{"name":"masonrycmu_ao_details","type":"APT_Boolean","value":"False","numberOfConnectedProperties":0},{"name":"masonrycmu_ao_distance","type":"APT_Double","value":"4","numberOfConnectedProperties":0},{"name":"masonrycmu_ao_on","type":"APT_Boolean","value":"False","numberOfConnectedProperties":0},{"name":"masonrycmu_ao_samples","type":"APT_Integer","value":"16","numberOfConnectedProperties":0},{"name":"masonrycmu_application","type":"APT_Integer","value":"2","numberOfConnectedProperties":0},{"name":"masonrycmu_color","type":"APT_DoubleArray4d","value":"0.471 0.471 0.471 1","numberOfConnectedProperties":1},{"name":"UnifiedBitmapSchema","type":"APT_Asset","value":null,"numberOfConnectedProperties":0},{"name":"masonrycmu_color_by_object","type":"APT_Boolean","value":"False","numberOfConnectedProperties":0},{"name":"masonrycmu_pattern","type":"APT_Integer","value":"1","numberOfConnectedProperties":0},{"name":"masonrycmu_pattern_height","type":"APT_Double","value":"0.15","numberOfConnectedProperties":0},{"name":"masonrycmu_pattern_map","type":"APT_Reference","value":null,"numberOfConnectedProperties":1},{"name":"UnifiedBitmapSchema","type":"APT_Asset","value":null,"numberOfConnectedProperties":0},{"name":"masonrycmu_refl_depth","type":"APT_Integer","value":"0","numberOfConnectedProperties":0},{"name":"masonrycmu_roundcorners_allow_different_materials","type":"APT_Boolean","value":"False","numberOfConnectedProperties":0},{"name":"masonrycmu_roundcorners_on","type":"APT_Boolean","value":"False","numberOfConnectedProperties":0},{"name":"masonrycmu_roundcorners_radius","type":"APT_Double","value":"0.25","numberOfConnectedProperties":0},{"name":"masonrycmu_type","type":"APT_Integer","value":"1","numberOfConnectedProperties":0},{"name":"mode","type":"APT_Integer","value":"4","numberOfConnectedProperties":0},{"name":"reflection_glossy_samples","type":"APT_Integer","value":"32","numberOfConnectedProperties":0},{"name":"revision","type":"APT_Integer","value":"1","numberOfConnectedProperties":0},{"name":"swatch","type":"APT_String","value":"Swatch-Wall","numberOfConnectedProperties":0},{"name":"thumbnail","type":"APT_String","value":"adp:?asset=/3072685D-780F-4D46-8645-4759DBEBA7E9/Resources/Material-049/thumbnail/0/t_Masonry-004_png","numberOfConnectedProperties":0},{"name":"version","type":"APT_Integer","value":"3","numberOfConnectedProperties":0},{"name":"PatternOffset","type":"APT_DoubleArray2d","value":"0 0","numberOfConnectedProperties":0}]}
