{"elementId":"803067","assetType":"Appearance","libraryName":"assetlibrary_base.fbx","title":"","properties":[{"name":"AdvancedUIDefinition","type":"APT_String","value":"Mats/MetallicPaint/MetallicPaintAdvancedUI.xml","numberOfConnectedProperties":0},{"name":"AssetLibID","type":"APT_String","value":"314DE259-5443-4621-BFBD-1730C6CC9AE9","numberOfConnectedProperties":0},{"name":"BaseSchema","type":"APT_String","value":"MetallicPaintSchema","numberOfConnectedProperties":0},{"name":"ExchangeGUID","type":"APT_String","value":"","numberOfConnectedProperties":0},{"name":"Hidden","type":"APT_Boolean","value":"False","numberOfConnectedProperties":0},{"name":"ImplementationGeneric","type":"APT_String","value":"Mats/MetallicPaint/Generic.xml","numberOfConnectedProperties":0},{"name":"ImplementationMentalRay","type":"APT_String","value":"Mats/MetallicPaint/MentalImage.xml","numberOfConnectedProperties":0},{"name":"ImplementationOGS","type":"APT_String","value":"Mats/MetallicPaint/OGS.xml","numberOfConnectedProperties":0},{"name":"ImplementationPreview","type":"APT_String","value":"Mats/MetallicPaint/PreviewColor.xml","numberOfConnectedProperties":0},{"name":"SchemaVersion","type":"APT_Integer","value":"4","numberOfConnectedProperties":0},{"name":"UIDefinition","type":"APT_String","value":"Mats/MetallicPaint/MetallicPaintUI.xml","numberOfConnectedProperties":0},{"name":"UIName","type":"APT_String","value":"薄片缎光 - 黑色","numberOfConnectedProperties":0},{"name":"VersionGUID","type":"APT_String","value":"MetalPaint-001","numberOfConnectedProperties":0},{"name":"assettype","type":"APT_String","value":"materialappearance","numberOfConnectedProperties":0},{"name":"category","type":"APT_String","value":"Metallic Paint:Default:Metal","numberOfConnectedProperties":0},{"name":"common_Shared_Asset","type":"APT_Integer","value":"0","numberOfConnectedProperties":0},{"name":"common_Tint_color","type":"APT_DoubleArray4d","value":"0.315 0.315 0.315 1","numberOfConnectedProperties":0},{"name":"common_Tint_toggle","type":"APT_Boolean","value":"False","numberOfConnectedProperties":0},{"name":"description","type":"APT_String","value":"Metallic Paint material.","numberOfConnectedProperties":0},{"name":"keyword","type":"APT_String","value":"metallic:metal:paint:flaked:black:satin:materials","numberOfConnectedProperties":0},{"name":"localname","type":"APT_String","value":"Metallic Paint","numberOfConnectedProperties":0},{"name":"localtype","type":"APT_String","value":"Appearance","numberOfConnectedProperties":0},{"name":"metallicpaint_ao_details","type":"APT_Boolean","value":"False","numberOfConnectedProperties":0},{"name":"metallicpaint_ao_distance","type":"APT_Double","value":"4","numberOfConnectedProperties":0},{"name":"metallicpaint_ao_on","type":"APT_Boolean","value":"False","numberOfConnectedProperties":0},{"name":"metallicpaint_ao_samples","type":"APT_Integer","value":"16","numberOfConnectedProperties":0},{"name":"metallicpaint_base_color","type":"APT_DoubleArray4d","value":"0 0 0 1","numberOfConnectedProperties":0},{"name":"metallicpaint_base_color_by_object","type":"APT_Boolean","value":"False","numberOfConnectedProperties":0},{"name":"metallicpaint_base_highlightspread","type":"APT_Double","value":"0.6","numberOfConnectedProperties":0},{"name":"metallicpaint_finish","type":"APT_Integer","value":"0","numberOfConnectedProperties":0},{"name":"metallicpaint_finish_peelamount","type":"APT_Double","value":"0.05","numberOfConnectedProperties":0},{"name":"metallicpaint_flecks","type":"APT_Integer","value":"1","numberOfConnectedProperties":0},{"name":"metallicpaint_flecks_color","type":"APT_DoubleArray4d","value":"1 1 1 1","numberOfConnectedProperties":0},{"name":"metallicpaint_flecks_color_by_object","type":"APT_Boolean","value":"False","numberOfConnectedProperties":0},{"name":"metallicpaint_flecks_size","type":"APT_Double","value":"0.1","numberOfConnectedProperties":0},{"name":"metallicpaint_pearl","type":"APT_Integer","value":"0","numberOfConnectedProperties":0},{"name":"metallicpaint_pearl_amount","type":"APT_Double","value":"0.5","numberOfConnectedProperties":0},{"name":"metallicpaint_pearl_color","type":"APT_DoubleArray4d","value":"1 1 1 1","numberOfConnectedProperties":0},{"name":"metallicpaint_pearl_color_by_object","type":"APT_Boolean","value":"False","numberOfConnectedProperties":0},{"name":"metallicpaint_pearl_ior","type":"APT_Double","value":"0.5","numberOfConnectedProperties":0},{"name":"metallicpaint_refl_depth","type":"APT_Integer","value":"0","numberOfConnectedProperties":0},{"name":"metallicpaint_reflection_glossy_samples","type":"APT_Integer","value":"32","numberOfConnectedProperties":0},{"name":"metallicpaint_roundcorners_allow_different_materials","type":"APT_Boolean","value":"False","numberOfConnectedProperties":0},{"name":"metallicpaint_roundcorners_on","type":"APT_Boolean","value":"False","numberOfConnectedProperties":0},{"name":"metallicpaint_roundcorners_radius","type":"APT_Double","value":"0.25","numberOfConnectedProperties":0},{"name":"metallicpaint_topcoat","type":"APT_Integer","value":"2","numberOfConnectedProperties":0},{"name":"metallicpaint_topcoat_falloff","type":"APT_Double","value":"0","numberOfConnectedProperties":0},{"name":"metallicpaint_topcoat_glossy","type":"APT_Double","value":"0","numberOfConnectedProperties":0},{"name":"mode","type":"APT_Integer","value":"4","numberOfConnectedProperties":0},{"name":"revision","type":"APT_Integer","value":"1","numberOfConnectedProperties":0},{"name":"swatch","type":"APT_String","value":"Swatch-Branded","numberOfConnectedProperties":0},{"name":"thumbnail","type":"APT_String","value":"D:/TEMP/MaterialThumbnails_PID_14e4/1051e210薄片缎光 - 黑色.png","numberOfConnectedProperties":0},{"name":"version","type":"APT_Integer","value":"4","numberOfConnectedProperties":0},{"name":"PatternOffset","type":"APT_DoubleArray2d","value":"0 0","numberOfConnectedProperties":0}]}
