{"elementId":"934921","assetType":"Appearance","libraryName":"assetlibrary_base.fbx","title":"","properties":[{"name":"AdvancedUIDefinition","type":"APT_String","value":"Mats/Metal/metalAdvancedUI.xml","numberOfConnectedProperties":0},{"name":"AssetLibID","type":"APT_String","value":"3072685D-780F-4D46-8645-4759DBEBA7E9","numberOfConnectedProperties":0},{"name":"BaseSchema","type":"APT_String","value":"MetalSchema","numberOfConnectedProperties":0},{"name":"Hidden","type":"APT_Boolean","value":"False","numberOfConnectedProperties":0},{"name":"ImplementationGeneric","type":"APT_String","value":"Mats/Metal/Generic.xml","numberOfConnectedProperties":0},{"name":"ImplementationMentalRay","type":"APT_String","value":"Mats/Metal/MentalImage.xml","numberOfConnectedProperties":0},{"name":"ImplementationOGS","type":"APT_String","value":"Mats/Metal/OGS.xml","numberOfConnectedProperties":0},{"name":"ImplementationPreview","type":"APT_String","value":"Mats/Metal/PreviewColor.xml","numberOfConnectedProperties":0},{"name":"SchemaVersion","type":"APT_Integer","value":"3","numberOfConnectedProperties":0},{"name":"UIDefinition","type":"APT_String","value":"Mats/Metal/metalUI.xml","numberOfConnectedProperties":0},{"name":"UIName","type":"APT_String","value":"镀锌","numberOfConnectedProperties":0},{"name":"VersionGUID","type":"APT_String","value":"B418901C-F8D4-47F2-959F-5359511CD1C2","numberOfConnectedProperties":0},{"name":"assettype","type":"APT_String","value":"materialappearance","numberOfConnectedProperties":0},{"name":"break_def_map","type":"APT_String","value":"Mats/Metal/external.dependency/Simple_Metal_Mtl_Break_pattern.jpg","numberOfConnectedProperties":0},{"name":"brush_def_map","type":"APT_String","value":"Mats/Metal/external.dependency/Simple_Metal_Mtl_Brush_pattern.jpg","numberOfConnectedProperties":0},{"name":"bump_checker_map","type":"APT_String","value":"Mats/Metal/external.dependency/Simple_Metal_Mtl_CheckerPlate_pattern.jpg","numberOfConnectedProperties":0},{"name":"bump_diamond_map","type":"APT_String","value":"Mats/Metal/external.dependency/Simple_Metal_Mtl_DiamondPlate_pattern.jpg","numberOfConnectedProperties":0},{"name":"category","type":"APT_String","value":"金属","numberOfConnectedProperties":0},{"name":"common_Shared_Asset","type":"APT_Integer","value":"0","numberOfConnectedProperties":0},{"name":"common_Tint_color","type":"APT_DoubleArray4d","value":"0.315 0.315 0.315 1","numberOfConnectedProperties":0},{"name":"common_Tint_toggle","type":"APT_Boolean","value":"False","numberOfConnectedProperties":0},{"name":"description","type":"APT_String","value":"Metal.","numberOfConnectedProperties":0},{"name":"keyword","type":"APT_String","value":"Inventor:steel:polished:galvanized:materials","numberOfConnectedProperties":0},{"name":"localname","type":"APT_String","value":"Metal","numberOfConnectedProperties":0},{"name":"localtype","type":"APT_String","value":"Appearance","numberOfConnectedProperties":0},{"name":"metal_ao_details","type":"APT_Boolean","value":"False","numberOfConnectedProperties":0},{"name":"metal_ao_distance","type":"APT_Double","value":"4","numberOfConnectedProperties":0},{"name":"metal_ao_on","type":"APT_Boolean","value":"False","numberOfConnectedProperties":0},{"name":"metal_ao_samples","type":"APT_Integer","value":"16","numberOfConnectedProperties":0},{"name":"metal_color","type":"APT_DoubleArray4d","value":"0.6 0.6 0.6 1","numberOfConnectedProperties":0},{"name":"metal_color_by_object","type":"APT_Boolean","value":"False","numberOfConnectedProperties":0},{"name":"metal_finish","type":"APT_Integer","value":"1","numberOfConnectedProperties":0},{"name":"metal_patina","type":"APT_Double","value":"0","numberOfConnectedProperties":0},{"name":"metal_pattern","type":"APT_Integer","value":"4","numberOfConnectedProperties":0},{"name":"metal_pattern_height","type":"APT_Double","value":"0.3","numberOfConnectedProperties":0},{"name":"metal_pattern_scale","type":"APT_Double","value":"1","numberOfConnectedProperties":0},{"name":"metal_pattern_shader","type":"APT_Reference","value":null,"numberOfConnectedProperties":1},{"name":"UnifiedBitmapSchema","type":"APT_Asset","value":null,"numberOfConnectedProperties":0},{"name":"metal_perforations","type":"APT_Integer","value":"0","numberOfConnectedProperties":0},{"name":"metal_perforations_center","type":"APT_Double","value":"0.6875","numberOfConnectedProperties":0},{"name":"metal_perforations_shader","type":"APT_Reference","value":null,"numberOfConnectedProperties":1},{"name":"UnifiedBitmapSchema","type":"APT_Asset","value":null,"numberOfConnectedProperties":0},{"name":"metal_perforations_size","type":"APT_Double","value":"0.5","numberOfConnectedProperties":0},{"name":"metal_perforations_space","type":"APT_Double","value":"0.2","numberOfConnectedProperties":0},{"name":"metal_refl_depth","type":"APT_Integer","value":"0","numberOfConnectedProperties":0},{"name":"metal_roundcorners_allow_different_materials","type":"APT_Boolean","value":"False","numberOfConnectedProperties":0},{"name":"metal_roundcorners_on","type":"APT_Boolean","value":"False","numberOfConnectedProperties":0},{"name":"metal_roundcorners_radius","type":"APT_Double","value":"0.25","numberOfConnectedProperties":0},{"name":"metal_type","type":"APT_Integer","value":"6","numberOfConnectedProperties":0},{"name":"mode","type":"APT_Integer","value":"4","numberOfConnectedProperties":0},{"name":"reflection_glossy_samples","type":"APT_Integer","value":"32","numberOfConnectedProperties":0},{"name":"revision","type":"APT_Integer","value":"1","numberOfConnectedProperties":0},{"name":"swatch","type":"APT_String","value":"Swatch-Sphere2","numberOfConnectedProperties":0},{"name":"thumbnail","type":"APT_String","value":"adp:?asset=/3072685D-780F-4D46-8645-4759DBEBA7E9/Resources/Material-079_physmat_aspects_1:InvMet-005/thumbnail/0/5fefcf70镀锌_png","numberOfConnectedProperties":0},{"name":"version","type":"APT_Integer","value":"3","numberOfConnectedProperties":0},{"name":"PatternOffset","type":"APT_DoubleArray2d","value":"0 0","numberOfConnectedProperties":0}]}
