{"elementId":"934924","assetType":"Appearance","libraryName":"assetlibrary_base.fbx","title":"","properties":[{"name":"AdvancedUIDefinition","type":"APT_String","value":"Mats/Ceramic/CeramicAdvancedUI.xml","numberOfConnectedProperties":0},{"name":"AssetLibID","type":"APT_String","value":"314DE259-5443-4621-BFBD-1730C6CC9AE9","numberOfConnectedProperties":0},{"name":"BaseSchema","type":"APT_String","value":"CeramicSchema","numberOfConnectedProperties":0},{"name":"ExchangeGUID","type":"APT_String","value":"","numberOfConnectedProperties":0},{"name":"Hidden","type":"APT_Boolean","value":"False","numberOfConnectedProperties":0},{"name":"ImplementationGeneric","type":"APT_String","value":"Mats/Ceramic/Generic.xml","numberOfConnectedProperties":0},{"name":"ImplementationMentalRay","type":"APT_String","value":"Mats/Ceramic/MentalImage.xml","numberOfConnectedProperties":0},{"name":"ImplementationOGS","type":"APT_String","value":"Mats/Ceramic/OGS.xml","numberOfConnectedProperties":0},{"name":"ImplementationPreview","type":"APT_String","value":"Mats/Ceramic/PreviewColor.xml","numberOfConnectedProperties":0},{"name":"SchemaVersion","type":"APT_Integer","value":"4","numberOfConnectedProperties":0},{"name":"UIDefinition","type":"APT_String","value":"Mats/Ceramic/CeramicUI.xml","numberOfConnectedProperties":0},{"name":"UIName","type":"APT_String","value":"淡黄棕灰褐色(1)","numberOfConnectedProperties":0},{"name":"VersionGUID","type":"APT_String","value":"DF6D8C77-D025-4738-956B-1BE7FA7120C6","numberOfConnectedProperties":0},{"name":"assettype","type":"APT_String","value":"materialappearance","numberOfConnectedProperties":0},{"name":"category","type":"APT_String","value":":Ceramic/Porcelain:Default:Ceramic","numberOfConnectedProperties":0},{"name":"ceramic_ao_details","type":"APT_Boolean","value":"False","numberOfConnectedProperties":0},{"name":"ceramic_ao_distance","type":"APT_Double","value":"4","numberOfConnectedProperties":0},{"name":"ceramic_ao_on","type":"APT_Boolean","value":"False","numberOfConnectedProperties":0},{"name":"ceramic_ao_samples","type":"APT_Integer","value":"16","numberOfConnectedProperties":0},{"name":"ceramic_application","type":"APT_Integer","value":"2","numberOfConnectedProperties":0},{"name":"ceramic_bump","type":"APT_Integer","value":"1","numberOfConnectedProperties":0},{"name":"ceramic_bump_amount","type":"APT_Double","value":"0.05","numberOfConnectedProperties":0},{"name":"ceramic_bump_map","type":"APT_Reference","value":null,"numberOfConnectedProperties":1},{"name":"UnifiedBitmapSchema","type":"APT_Asset","value":null,"numberOfConnectedProperties":0},{"name":"ceramic_color","type":"APT_DoubleArray4d","value":"0.250980392156863 0 0 1","numberOfConnectedProperties":0},{"name":"ceramic_color_by_object","type":"APT_Boolean","value":"False","numberOfConnectedProperties":0},{"name":"ceramic_pattern","type":"APT_Integer","value":"0","numberOfConnectedProperties":0},{"name":"ceramic_pattern_amount","type":"APT_Double","value":"0.25","numberOfConnectedProperties":0},{"name":"ceramic_pattern_map","type":"APT_Reference","value":null,"numberOfConnectedProperties":1},{"name":"UnifiedBitmapSchema","type":"APT_Asset","value":null,"numberOfConnectedProperties":0},{"name":"ceramic_refl_depth","type":"APT_Integer","value":"0","numberOfConnectedProperties":0},{"name":"ceramic_roundcorners_allow_different_materials","type":"APT_Boolean","value":"False","numberOfConnectedProperties":0},{"name":"ceramic_roundcorners_on","type":"APT_Boolean","value":"False","numberOfConnectedProperties":0},{"name":"ceramic_roundcorners_radius","type":"APT_Double","value":"0.25","numberOfConnectedProperties":0},{"name":"ceramic_type","type":"APT_Integer","value":"1","numberOfConnectedProperties":0},{"name":"common_Shared_Asset","type":"APT_Integer","value":"1","numberOfConnectedProperties":0},{"name":"common_Tint_color","type":"APT_DoubleArray4d","value":"0.315 0.315 0.315 1","numberOfConnectedProperties":0},{"name":"common_Tint_toggle","type":"APT_Boolean","value":"False","numberOfConnectedProperties":0},{"name":"description","type":"APT_String","value":"Light beige colour","numberOfConnectedProperties":0},{"name":"keyword","type":"APT_String","value":":interior:porcelain:taupe:sandy:beige:materials","numberOfConnectedProperties":0},{"name":"localname","type":"APT_String","value":"Ceramic","numberOfConnectedProperties":0},{"name":"localtype","type":"APT_String","value":"Appearance","numberOfConnectedProperties":0},{"name":"mode","type":"APT_Integer","value":"4","numberOfConnectedProperties":0},{"name":"reflection_glossy_samples","type":"APT_Integer","value":"32","numberOfConnectedProperties":0},{"name":"revision","type":"APT_Integer","value":"1","numberOfConnectedProperties":0},{"name":"swatch","type":"APT_String","value":"Swatch-Vase","numberOfConnectedProperties":0},{"name":"thumbnail","type":"APT_String","value":"C:/Users/nk255/AppData/Local/Temp/MaterialThumbnails_PID_2c14/a3bb31b0淡黄棕灰褐色(1).png","numberOfConnectedProperties":0},{"name":"version","type":"APT_Integer","value":"3","numberOfConnectedProperties":0},{"name":"PatternOffset","type":"APT_DoubleArray2d","value":"0 0","numberOfConnectedProperties":0}]}
