{"-2008087":{"categoryName":"灯具","categoryVisibility":true},"-2000080":{"categoryName":"家具","categoryVisibility":true},"-2008122":{"categoryName":"管道隔热层","categoryVisibility":true},"-2008126":{"categoryName":"电缆桥架配件","categoryVisibility":true},"-2001120":{"categoryName":"照明设备","categoryVisibility":true},"-2001060":{"categoryName":"电气装置","categoryVisibility":true},"-2008044":{"categoryName":"管道","categoryVisibility":true},"-2000180":{"categoryName":"坡道","categoryVisibility":true},"-2001340":{"categoryName":"地形","categoryVisibility":true},"-2001260":{"categoryName":"场地","categoryVisibility":true},"-2008099":{"categoryName":"喷头","categoryVisibility":true},"-2000035":{"categoryName":"屋顶","categoryVisibility":true},"-2000996":{"categoryName":"竖井洞口","categoryVisibility":true},"-2008130":{"categoryName":"电缆桥架","categoryVisibility":true},"-2003200":{"categoryName":"面积","categoryVisibility":true},"-2008075":{"categoryName":"电话设备","categoryVisibility":true},"-2008020":{"categoryName":"软风管","categoryVisibility":true},"-2001330":{"categoryName":"结构柱","categoryVisibility":true},"-2008124":{"categoryName":"风管内衬","categoryVisibility":true},"-2008193":{"categoryName":"预制零件","categoryVisibility":true},"-2008039":{"categoryName":"导线","categoryVisibility":true},"-2001354":{"categoryName":"结构加强板","categoryVisibility":true},"-2001320":{"categoryName":"结构框架","categoryVisibility":true},"-2001336":{"categoryName":"结构桁架","categoryVisibility":true},"-2008000":{"categoryName":"风管","categoryVisibility":true},"-2008050":{"categoryName":"软管","categoryVisibility":true},"-2008132":{"categoryName":"线管","categoryVisibility":true},"-2001100":{"categoryName":"家具系统","categoryVisibility":true},"-2008161":{"categoryName":"管道占位符","categoryVisibility":true},"-2001000":{"categoryName":"橱柜","categoryVisibility":true},"-2000196":{"categoryName":"在族中导入","categoryVisibility":false},"-2000269":{"categoryName":"组成部分","categoryVisibility":true},"-2010001":{"categoryName":"点云","categoryVisibility":true},"-2008079":{"categoryName":"安全设备","categoryVisibility":true},"-2001370":{"categoryName":"环境","categoryVisibility":true},"-2009009":{"categoryName":"结构路径钢筋","categoryVisibility":true},"-2001040":{"categoryName":"电气设备","categoryVisibility":true},"-2009000":{"categoryName":"结构钢筋","categoryVisibility":true},"-2009003":{"categoryName":"结构区域钢筋","categoryVisibility":true},"-2009016":{"categoryName":"结构钢筋网","categoryVisibility":true},"-2001300":{"categoryName":"结构基础","categoryVisibility":true},"-2008016":{"categoryName":"风管附件","categoryVisibility":true},"-2008010":{"categoryName":"风管管件","categoryVisibility":true},"-2008128":{"categoryName":"线管配件","categoryVisibility":true},"-2000023":{"categoryName":"门","categoryVisibility":true},"-2000051":{"categoryName":"线","categoryVisibility":true},"-2000014":{"categoryName":"窗","categoryVisibility":true},"-2000100":{"categoryName":"柱","categoryVisibility":true},"-2000011":{"categoryName":"墙","categoryVisibility":true},"-2002000":{"categoryName":"详图项目","categoryVisibility":true},"-2008049":{"categoryName":"管件","categoryVisibility":true},"-2001327":{"categoryName":"结构梁系统","categoryVisibility":true},"-2000120":{"categoryName":"楼梯","categoryVisibility":true},"-2008160":{"categoryName":"风管占位符","categoryVisibility":true},"-2000126":{"categoryName":"栏杆扶手","categoryVisibility":true},"-2003400":{"categoryName":"体量","categoryVisibility":true},"-2000032":{"categoryName":"楼板","categoryVisibility":true},"-2008013":{"categoryName":"风道末端","categoryVisibility":true},"-2008077":{"categoryName":"护理呼叫设备","categoryVisibility":true},"-2001140":{"categoryName":"机械设备","categoryVisibility":true},"-2008081":{"categoryName":"通讯设备","categoryVisibility":true},"-2009030":{"categoryName":"结构连接","categoryVisibility":true},"-2008055":{"categoryName":"管道附件","categoryVisibility":true},"-2001180":{"categoryName":"停车场","categoryVisibility":true},"-2009017":{"categoryName":"结构钢筋网区域","categoryVisibility":true},"-2008123":{"categoryName":"风管隔热层","categoryVisibility":true},"-2008083":{"categoryName":"数据设备","categoryVisibility":true},"-2001360":{"categoryName":"植物","categoryVisibility":true},"-2000340":{"categoryName":"幕墙系统","categoryVisibility":true},"-2001160":{"categoryName":"卫浴装置","categoryVisibility":true},"-2000151":{"categoryName":"常规模型","categoryVisibility":true},"-2001350":{"categoryName":"专用设备","categoryVisibility":true},"-2008085":{"categoryName":"火警设备","categoryVisibility":true},"-2000038":{"categoryName":"天花板","categoryVisibility":true},"-2000171":{"categoryName":"幕墙竖梃","categoryVisibility":true},"-2000560":{"categoryName":"光栅图像","categoryVisibility":true},"-2000170":{"categoryName":"幕墙嵌板","categoryVisibility":true},"-2001220":{"categoryName":"道路","categoryVisibility":true}}
