{"levels":[{"id":313856,"name":"结#1F_-0.050","elevation":-50.0},{"id":314004,"name":"结#2F_4.150","elevation":4150.0},{"id":702360,"name":"结#3F_8.350","elevation":8350.0},{"id":702399,"name":"结#WF_12.600","elevation":12600.0},{"id":702428,"name":"结#RF_15.350","elevation":15350.0},{"id":702468,"name":"结#-1F_-5.750","elevation":-5750.0},{"id":713262,"name":"建#1F_0.000","elevation":0.0},{"id":713311,"name":"建#2F_4.200","elevation":4200.0},{"id":713355,"name":"建#3F_8.400","elevation":8400.0},{"id":713421,"name":"建#WF_12.600","elevation":12600.0},{"id":713461,"name":"建#RF_15.350","elevation":15350.0},{"id":874164,"name":"建#-1F_-5.500","elevation":-5500.0},{"id":936877,"name":"建#_20.350","elevation":20350.0},{"id":952707,"name":"建#_16.400","elevation":16400.0}],"topLevel":0,"lowestLevel":0,"roofElevation":0.0,"groundElevation":0.0}
