{
    "dataInformation": {
        "version": "1.0",
        "datetime": "2019-08-23 15:24:59",
        "comment": "box(v:24, t:12), pipe(v:130, t:124)"
    },
    "sceneStatistics": {
        "elementCount": 2282,
        "geometryTotalCount": 3896,
        "triangleTotalCount": 171357,
        "vertexTotalCount": 213823,
        "primitiveTotalCount": 2900,
        "boxGeometryCount": 2896,
        "pipeGeometryCount": 4,
        "meshCount": 996,
        "uniqueMeshCount": 512,
        "uniqueTriangleCount": 51889,
        "uniqueVertexCount": 58789
    }
}