{"Usage": "http://pm.glodon.com/wiki/display/PAAS/revit2md", "Version": {"Databag": "3.7", "Sqlite": "1.0", "Model": "1.0", "Worker": "3.7", "Drawing": "1.0"}, "Source": {"Server": "http://10.5.3.5/Packages/translate-rvt-dev", "BuildId": "dev", "Package": "Revit.zip"}, "RenderType": "bimView", "name": "worker.rvt2viz", "depends": ["7zip", "fileInfo", "md2viz", "proto2db", "rvt2md", "minimap", "regularize", "dwg2mdv", "dwg2pdf", "bim2md", "localpack"], "tasks": ["7zip", "rvtFileInfo", "rvt2md", "ConnectLinkIdTask", "proto2db", "elementClassifySingle", "thumbnail", "resizeImage96", "levelmap", "md2viz3", "dwg2mdv", "dwg2pdf", "litelocalpack"], "customConfig": {"exportDrawing": "true", "exportDwg": "true", "originInput": "C:\\Job\\wd\\1677646454134048\\input\\a810b60a2a374804b62f8db8d2e373d6.rvt", "fileType": "rvt", "texture": false, "viewName": "", "displaylevel": "Fine", "setLevelrule": false, "exportBuildingIndex": false, "integrateDrawings": false, "modifyMode": false, "exportDwgInstance": false, "exportHiddenObjects": false, "exportSystemType": false, "exportAssemblyInstance": false, "visilbiltyByVoxel": true, "engine": "", "integrateDrawingsFiles": "", "dwgFileFromRevit": true, "rvtIntegrateDrawings": false, "loadOnDemand": false, "meshSimplify": false, "exportPdf": false, "localpack": false, "fileVersion": "2016"}}